Apellido(s),Nombre,"Dirección de correo",Estado,"Comenzado el",Finalizado,"Tiempo requerido","Calificación/10,00","P. 1 /0,25","P. 2 /0,25","P. 3 /0,25","P. 4 /0,25","P. 5 /0,25","P. 6 /0,25","P. 7 /0,25","P. 8 /0,25","P. 9 /0,25","P. 10 /0,25","P. 11 /0,25","P. 12 /0,25","P. 13 /0,25","P. 14 /0,25","P. 15 /0,25","P. 16 /0,25","P. 17 /0,25","P. 18 /0,25","P. 19 /0,25","P. 20 /0,25","P. 21 /0,25","P. 22 /0,25","P. 23 /0,25","P. 24 /0,25","P. 25 /0,25","P. 26 /0,25","P. 27 /0,25","P. 28 /0,25","P. 29 /0,25","P. 30 /0,25","P. 31 /0,25","P. 32 /0,25","P. 33 /0,25","P. 34 /0,25","P. 35 /0,25","P. 36 /0,25","P. 37 /0,25","P. 38 /0,25","P. 39 /0,25","P. 40 /0,25"
"ROSALES BASTIDAS","Grecia De Los Angeles",95429143@gmail.com,Finalizado,"29 de mayo de 2026  17:00","29 de mayo de 2026  17:48","48 minutos 10 segundos","9,00","0,25","0,25","0,25","0,25","0,25","0,25","0,25","0,25","0,25","0,25","0,25","0,25","0,25","0,25","0,25","0,25","0,25","0,25","0,25","0,25","0,25","0,25","0,00","0,00","0,25","0,00","0,25","0,00","0,25","0,25","0,25","0,25","0,25","0,25","0,25","0,25","0,25","0,25","0,25","0,25"
CHIAPPARO,"Thiago Benjamín",49419297@gmail.com,Finalizado,"29 de mayo de 2026  17:00","29 de mayo de 2026  17:49","49 minutos 46 segundos","9,25","0,25","0,25","0,25","0,25","0,25","0,25","0,00","0,25","0,25","0,25","0,25","0,25","0,25","0,25","0,25","0,00","0,25","0,25","0,25","0,25","0,25","0,25","0,25","0,00","0,25","0,25","0,25","0,25","0,25","0,25","0,25","0,25","0,25","0,25","0,25","0,25","0,25","0,25","0,25","0,25"
Corbera,"Nazarena Valentina",50066744@gmail.com,Finalizado,"29 de mayo de 2026  17:00","29 de mayo de 2026  17:50","50 minutos","8,75","0,25",-,"0,25","0,25","0,25","0,25",-,"0,25","0,25","0,25","0,25","0,25","0,25","0,25","0,25","0,25",-,"0,25","0,25","0,25","0,25","0,25","0,25","0,00","0,25","0,25",-,"0,25","0,25","0,25","0,25","0,25","0,25","0,25","0,25","0,25","0,25","0,25","0,25","0,25"
"TASSARA SOTO","Enzo Agustín",enzotassara2009@gmail.com,Finalizado,"29 de mayo de 2026  17:00","29 de mayo de 2026  17:50","50 minutos","3,00","0,00",-,"0,00","0,00",-,"0,25","0,25",-,"0,00",-,"0,00",-,"0,00","0,00","0,25","0,25","0,00","0,25","0,00","0,00",-,"0,00","0,25","0,00","0,25","0,25","0,00","0,00",-,"0,25","0,00",-,"0,25","0,00","0,00","0,25","0,25","0,00",-,"0,00"
CETERA,"Ulises Nicolas",50276187@gmail.com,Finalizado,"29 de mayo de 2026  17:00","29 de mayo de 2026  17:30","30 minutos 7 segundos","7,00","0,25","0,25","0,00","0,25","0,25","0,25","0,25","0,25","0,25",-,"0,25","0,25","0,00","0,25","0,25","0,25","0,25","0,25","0,25","0,25","0,25","0,00","0,25","0,25","0,00","0,25","0,00","0,25","0,25","0,25","0,25","0,25","0,00","0,25","0,00","0,00","0,00","0,00","0,00","0,25"
MAIDANA,"Kevin Nahuel",49735065@gmail.com,Finalizado,"29 de mayo de 2026  17:00","29 de mayo de 2026  17:33","32 minutos 23 segundos","8,75","0,25","0,25","0,25","0,25","0,25","0,25","0,25","0,25","0,25","0,25","0,25","0,25","0,25","0,25","0,25","0,25","0,25","0,25","0,25","0,25","0,25","0,00","0,25","0,00","0,00","0,25","0,00","0,25","0,25","0,25","0,25","0,25","0,25","0,25","0,25","0,25","0,00","0,25","0,25","0,25"
ALTAMIRANO,"Matías Andrés",matias2511.altamirano@gmail.com,Finalizado,"29 de mayo de 2026  17:01","29 de mayo de 2026  17:29","28 minutos","8,50","0,25","0,00","0,25","0,25","0,25","0,25","0,25","0,25","0,25","0,00","0,25","0,25","0,25","0,25","0,25","0,25","0,25","0,25","0,25","0,25","0,25","0,00","0,25","0,25","0,25","0,25","0,25","0,25","0,25","0,25","0,00","0,00","0,00","0,25","0,25","0,25","0,25","0,25","0,25","0,25"
NUÑEZ,"Tiago Elian",49589492@gmail.com,Finalizado,"29 de mayo de 2026  17:02","29 de mayo de 2026  17:52","49 minutos 59 segundos","8,50","0,00","0,25","0,00","0,25","0,25","0,25","0,00","0,00","0,25","0,25","0,25","0,25","0,25","0,25","0,00","0,25","0,25","0,25","0,25","0,25","0,25","0,25","0,25","0,25","0,25","0,25","0,25","0,00","0,25","0,25","0,25","0,25","0,25","0,25","0,25","0,25","0,25","0,25","0,25","0,25"
GIMÉNEZ,"Rafael Bautista",50156642@gmail.com,Finalizado,"29 de mayo de 2026  17:02","29 de mayo de 2026  17:52","50 minutos","4,50","0,00","0,25","0,25",-,-,-,-,"0,00","0,00","0,25","0,00","0,25","0,00","0,25","0,25","0,00","0,25","0,25","0,25","0,00","0,25","0,25","0,00","0,25","0,25","0,00","0,00","0,00","0,00","0,00","0,00","0,25","0,00","0,00","0,25","0,25","0,25","0,00","0,25","0,00"
"Promedio general",,,,,,,"7,47","0,17","0,17","0,17","0,19","0,19","0,22","0,14","0,17","0,19","0,17","0,19","0,22","0,17","0,22","0,22","0,19","0,19","0,25","0,22","0,19","0,22","0,14","0,19","0,11","0,19","0,19","0,11","0,14","0,19","0,22","0,17","0,19","0,17","0,19","0,19","0,22","0,19","0,17","0,19","0,19"
