Apellido(s),"Calificación/10,00"
CANCLINI,9
GIRALDES MIRAVAL,8
VEGA,9
FERNANDEZ,8
TRINIDAD SANABRIA,4
ANGELES,8
BATTAGLIA,7
Caballero,5
Rojas,6
Del mastro,8
DIAZ,8
Celestino,7
Bernal,7
SOSA ARCE,5
Caballero,7
Agasi,8
TRINIDAD SANABRIA,4
Bernal,9
CORNEJO,10
Rojas,9
SOSA ARCE,6
Rojas,10
Barrera,3
SOSA ARCE,0
Barrera,6
TRINIDAD SANABRIA,7
TRINIDAD SANABRIA,7
TRINIDAD SANABRIA,7
TRINIDAD SANABRIA,8
TRINIDAD SANABRIA,10
TRINIDAD SANABRIA,9
TRINIDAD SANABRIA,9
TRINIDAD SANABRIA,8
TRINIDAD SANABRIA,10
TRINIDAD SANABRIA,10
TRINIDAD SANABRIA,9
TRINIDAD SANABRIA,10
TRINIDAD SANABRIA,8
TRINIDAD SANABRIA,10
TRINIDAD SANABRIA,9
TRINIDAD SANABRIA,9
TRINIDAD SANABRIA,9
TRINIDAD SANABRIA,10
TRINIDAD SANABRIA,10
TRINIDAD SANABRIA,10
TRINIDAD SANABRIA,10
TRINIDAD SANABRIA,10
TRINIDAD SANABRIA,10
TRINIDAD SANABRIA,10
TRINIDAD SANABRIA,9
TRINIDAD SANABRIA,9
SOSA ARCE,7
SOSA ARCE,10
SOSA ARCE,9
GUERRA,7
GUERRA,6
GUERRA,8
GUERRA,8
Barrera,7
Barrera,9
Peter,9
Ferrari Rubini,6
Ferrari Rubini,9
Ferrari Rubini,10
TRINIDAD SANABRIA,10
SALINA,8
SALINA,8
HERRERA,7
Velásquez,4
Velásquez,8
TRINIDAD SANABRIA,10
Promedio general,8
