Apellido(s),Nombre,"Dirección de correo",Estado,"Comenzado el",Finalizado,"Tiempo requerido","Calificación/10,00","P. 1 /2,00","P. 2 /2,00","P. 3 /2,00","P. 4 /2,00","P. 5 /2,00"
ALCARAZ,"Joaquin Leandro David",49810411@gmail.com,Finalizado,"15 de abril de 2026  22:59","15 de abril de 2026  23:12","12 minutos 52 segundos","10,00","2,00","2,00","2,00","2,00","2,00"
ARREDONDO,"Facundo Gonzalo",arredondofacundo406@gmail.com,Finalizado,"15 de abril de 2026  22:35","15 de abril de 2026  22:53","18 minutos 37 segundos","8,00","2,00","2,00","2,00","0,00","2,00"
"FARIAS RUIZ","Candelaria Luisana",49960662@gmail.com,Finalizado,"15 de abril de 2026  19:02","15 de abril de 2026  23:16","4 horas 13 minutos","8,00","2,00","2,00","2,00","2,00","0,00"
FRANCOLINO,"Oriana Berenice",50096602@gmail.com,Finalizado,"15 de abril de 2026  19:01","15 de abril de 2026  22:52","3 horas 51 minutos","8,00","2,00","0,00","2,00","2,00","2,00"
JUNCAL,"Demian Ignacio",50142917@gmail.com,Finalizado,"15 de abril de 2026  19:09","15 de abril de 2026  23:38","4 horas 28 minutos","6,00","2,00","0,00","2,00","2,00","0,00"
JUNCAL,"Demian Ignacio",50142917@gmail.com,Finalizado,"15 de abril de 2026  23:39","15 de abril de 2026  23:55","15 minutos 38 segundos","6,00","0,00","2,00","2,00","0,00","2,00"
LUCERO,"Thiago Valentin",49602531@gmail.com,Finalizado,"15 de abril de 2026  22:00","15 de abril de 2026  22:34","33 minutos 47 segundos","10,00","2,00","2,00","2,00","2,00","2,00"
LUJAN,"Thiago Gabriel",49927919@gmail.com,Finalizado,"15 de abril de 2026  19:11","15 de abril de 2026  22:14","3 horas 2 minutos","10,00","2,00","2,00","2,00","2,00","2,00"
"MANRIQUE DI FLORIO","Tahiel Eliseo",50276004@gmail.com,Finalizado,"15 de abril de 2026  19:02","15 de abril de 2026  23:07","4 horas 5 minutos","6,00","2,00","2,00","2,00","0,00","0,00"
"MANRIQUE DI FLORIO","Tahiel Eliseo",50276004@gmail.com,Finalizado,"15 de abril de 2026  23:08","15 de abril de 2026  23:13","4 minutos 42 segundos","10,00","2,00","2,00","2,00","2,00","2,00"
OLIVERA,"Uma Bianca",49679317@gmail.com,Finalizado,"15 de abril de 2026  19:04","15 de abril de 2026  23:11","4 horas 6 minutos","6,00","2,00","2,00","0,00","0,00","2,00"
OLIVERA,"Uma Bianca",49679317@gmail.com,Finalizado,"15 de abril de 2026  23:13","15 de abril de 2026  23:28","14 minutos 44 segundos","4,00","0,00","0,00","2,00","2,00","0,00"
OLIVERA,"Uma Bianca",49679317@gmail.com,Finalizado,"15 de abril de 2026  23:29","15 de abril de 2026  23:32","3 minutos 45 segundos","10,00","2,00","2,00","2,00","2,00","2,00"
"PALERMO TEJADA","Alejo Julián",palermoalejo@gmail.com,Finalizado,"15 de abril de 2026  19:06","15 de abril de 2026  21:23","2 horas 17 minutos","10,00","2,00","2,00","2,00","2,00","2,00"
Romero,Agustin,ajolote47356@gmail.com,Finalizado,"15 de abril de 2026  19:12","15 de abril de 2026  20:05","52 minutos 39 segundos","10,00","2,00","2,00","2,00","2,00","2,00"
"SAIGUA FRANCO","Matias Lionel",49547928@gmail.com,Finalizado,"15 de abril de 2026  19:02","15 de abril de 2026  23:59","4 horas 56 minutos","2,00",-,-,-,-,"2,00"
"Promedio general",,,,,,,"7,75","1,63","1,50","1,75","1,38","1,50"
