Apellido(s),Nombre,"Calificación/10,00"
LUJAN,Thiago Gabriel,"7,5"
FRANCOLINO,Oriana Berenice,"9,5"
SAIGUA FRANCO,Matias Lionel,9
OLIVERA,Uma Bianca,10
PRADO,Mateo Leonel,7
LOAIZA,Laionel Dylan,"0,5"
PALERMO TEJADA,Alejo Julián,"9,5"
Romero,Agustin,8
GIRALDO GONZALEZ,Juan Diego,8
MELIN,Franco Ezequiel,10
DIAZ,Santiago Gael,"6,5"
FARIAS RUIZ,Candelaria Luisana,8
ALCARAZ,Joaquin Leandro David,7
MANRIQUE DI FLORIO,Tahiel Eliseo,5
JUNCAL,Demian Ignacio,8
LUCERO,Thiago Valentin,10
ORTEGA,Delfina Elizabeth,9
ARREDONDO,Facundo Gonzalo,8
VIDELA,Giuliana Abril,"9,5"
LESME,Jeremias Luciano,"0,5"
