Nombre,Apellido(s),Grupos
Victoria,ANDRADA BASCOPE,1-Hidroelectrica
Eugenia,Barzaghi Martínez,1-Hidroelectrica
Santiago Julian,BOLOGNESE,
Dylan Gaston,CARABAJAL,1-Hidroelectrica
Gabriel,Casas,
Zaira Ruth,Chucusea Quiroga,2-biomasa y eolica
Santino Jonas,CORREA,3-solar
Ivan Delmenico,DELMENICO,4-pila de cobre y magnesio
Paloma Marianella,FARIAS RUIZ,4-pila de cobre y magnesio
León,FERREYRA GARNERO,4-pila de cobre y magnesio
Axel Ian,FLEITAS,5-pizoelectricos
Thiago Ezquiel,GOMEZ,5-pizoelectricos
Tadeo Martin,LAGOS,1-Hidroelectrica
Sophie Micaela,LEMOS,4-pila de cobre y magnesio
Mateo Bautista,LESCANO,5-pizoelectricos
Benicio Valentin,LUNA SERRANO,1-Hidroelectrica
Farid Emir,PEREYRA,3-solar
Thiago Valentin,PEZZUOLO,
Luis,Pizzani,
Julieta,RODRIGUEZ MIÑO,2-biomasa y eolica
Tobías Valentín,SANTILLÁN GÜERCI,3-solar
Lucas Emanuel,SUÁREZ CESPEDES,2-biomasa y eolica
Nicolás,TISEYRA,1-Hidroelectrica
Federico,Weber,
Ezequiel Ricardo,ZAPATA SANTOS,5-pizoelectricos
