Apellido(s),Nombre,"Dirección de correo",Estado,"Comenzado el",Finalizado,"Tiempo requerido","Calificación/10,00","P. 1 /1,00","P. 2 /1,00","P. 3 /1,00","P. 4 /1,00","P. 5 /1,00","P. 6 /1,00","P. 7 /1,00","P. 8 /1,00","P. 9 /1,00","P. 10 /1,00"
"Ibarra Yegro",Tobias,alexa_r3@yahoo.com.ar,Finalizado,"15 de abril de 2026  15:53","15 de abril de 2026  16:00","7 minutos 30 segundos","7,00","1,00","0,00","1,00","0,00","1,00","1,00","1,00","0,00","1,00","1,00"
AYBAR,"Lautaro Francisco",aybarguillermo@gmail.com,Finalizado,"15 de abril de 2026  15:53","15 de abril de 2026  16:01","7 minutos 16 segundos","7,00","0,00","0,00","1,00","1,00","1,00","1,00","0,00","1,00","1,00","1,00"
GERAGHTY,"Pedro Gabriel",tristangabrielgeraghty@gmail.com,Finalizado,"15 de abril de 2026  15:54","15 de abril de 2026  16:01","6 minutos 54 segundos","7,00","1,00","1,00","1,00","1,00","0,00","1,00","1,00","0,00","1,00","0,00"
"BIROCCO FRETES",Santiago,SANTIAGOBIROCCOFRETES@GMAIL.COM,Finalizado,"15 de abril de 2026  15:54","15 de abril de 2026  16:01","6 minutos 58 segundos","4,00","0,00","0,00","1,00","0,00","0,00","0,00","1,00","0,00","1,00","1,00"
Dellana,Mirko,mirkod2009@gmail.com,Finalizado,"15 de abril de 2026  15:55","15 de abril de 2026  16:05","10 minutos 5 segundos","10,00","1,00","1,00","1,00","1,00","1,00","1,00","1,00","1,00","1,00","1,00"
Dimeo,"Francisco Gael",dimeofrancisco@gmail.com,Finalizado,"15 de abril de 2026  15:55","15 de abril de 2026  16:01","6 minutos 16 segundos","3,00","0,00","1,00","0,00","0,00","1,00","0,00","0,00","1,00","0,00","0,00"
"ANDRADA BASCOPE","Lourdes Elizabeth",gralraul71@gmail.com,Finalizado,"15 de abril de 2026  15:55","15 de abril de 2026  16:01","5 minutos 44 segundos","8,00","0,00","1,00","1,00","1,00","1,00","1,00","0,00","1,00","1,00","1,00"
"ENGERS GONZALEZ","Facundo Agustin",morenabonitafacturas@gmail.com,Finalizado,"15 de abril de 2026  15:55","15 de abril de 2026  16:00","5 minutos 16 segundos","7,00","0,00","1,00","1,00","1,00","0,00","1,00","1,00","1,00","0,00","1,00"
"LOPEZ BERZA","Zoe Antonella",electroariel_@hotmail.com,Finalizado,"15 de abril de 2026  15:56","15 de abril de 2026  16:04","8 minutos 8 segundos","3,00","1,00","0,00","0,00","0,00","0,00","1,00","0,00","0,00","1,00","0,00"
APURIL,"Germán Ezequiel",gerapuril@gmail.com,Finalizado,"15 de abril de 2026  15:56","15 de abril de 2026  16:02","6 minutos 30 segundos","0,00","0,00","0,00","0,00","0,00","0,00","0,00","0,00","0,00","0,00","0,00"
"bertola galizzi",Sathya,sathyxzz@gmail.com,Finalizado,"15 de abril de 2026  15:56","15 de abril de 2026  16:09","12 minutos 43 segundos","7,00","0,00","0,00","0,00","1,00","1,00","1,00","1,00","1,00","1,00","1,00"
VILLCA,"Franco Joaquín",rutyayala28@gmail.com,Finalizado,"15 de abril de 2026  15:57","15 de abril de 2026  16:03","5 minutos 42 segundos","4,00","0,00","0,00","0,00","1,00","1,00","0,00","0,00","1,00","1,00","0,00"
SUAREZ,Matías,matiassua09@gmail.com,Finalizado,"15 de abril de 2026  15:58","15 de abril de 2026  16:03","4 minutos 31 segundos","7,00","1,00","1,00","0,00","1,00","1,00","0,00","1,00","1,00","0,00","1,00"
Hoyos,"Miqueas Ariel",victoriacruz.alzu@gmail.com,Finalizado,"15 de abril de 2026  15:59","15 de abril de 2026  16:07","7 minutos 58 segundos","0,00","0,00","0,00","0,00","0,00","0,00","0,00","0,00","0,00","0,00","0,00"
GERAGHTY,"Pedro Gabriel",tristangabrielgeraghty@gmail.com,Finalizado,"15 de abril de 2026  16:01","15 de abril de 2026  16:07","6 minutos 5 segundos","10,00","1,00","1,00","1,00","1,00","1,00","1,00","1,00","1,00","1,00","1,00"
"BIROCCO FRETES",Santiago,SANTIAGOBIROCCOFRETES@GMAIL.COM,Finalizado,"15 de abril de 2026  16:01","15 de abril de 2026  16:16","14 minutos 48 segundos","5,00","1,00","1,00","1,00","0,00","0,00","0,00","1,00","1,00","0,00","0,00"
Dimeo,"Francisco Gael",dimeofrancisco@gmail.com,Finalizado,"15 de abril de 2026  16:03","15 de abril de 2026  16:10","7 minutos 12 segundos","3,00","1,00","0,00","0,00","0,00","0,00","0,00","1,00","0,00","1,00","0,00"
AYBAR,"Lautaro Francisco",aybarguillermo@gmail.com,Finalizado,"15 de abril de 2026  16:03","15 de abril de 2026  16:11","8 minutos","8,00","1,00","1,00","0,00","0,00","1,00","1,00","1,00","1,00","1,00","1,00"
VILLCA,"Franco Joaquín",rutyayala28@gmail.com,Finalizado,"15 de abril de 2026  16:03","15 de abril de 2026  16:11","8 minutos 19 segundos","8,00","1,00","1,00","0,00","1,00","1,00","1,00","1,00","0,00","1,00","1,00"
APURIL,"Germán Ezequiel",gerapuril@gmail.com,Finalizado,"15 de abril de 2026  16:05","15 de abril de 2026  16:13","7 minutos 50 segundos","2,00","0,00","0,00","0,00","0,00","0,00","1,00","0,00","0,00","0,00","1,00"
"SANTIBAÑEZ RAMÍREZ","Araceli Rosario Abigail",habibiaraceli08@gmail.com,Finalizado,"15 de abril de 2026  16:07","15 de abril de 2026  16:21","13 minutos 18 segundos","6,00","1,00","1,00","1,00","0,00","1,00","0,00","1,00","1,00","0,00","0,00"
Hoyos,"Miqueas Ariel",victoriacruz.alzu@gmail.com,Finalizado,"15 de abril de 2026  16:08","15 de abril de 2026  16:14","6 minutos 46 segundos","1,00","0,00","0,00","0,00","0,00","1,00","0,00","0,00","0,00","0,00","0,00"
"LOPEZ BERZA","Zoe Antonella",electroariel_@hotmail.com,Finalizado,"15 de abril de 2026  16:09","15 de abril de 2026  16:21","11 minutos 25 segundos","7,00","0,00","1,00","1,00","1,00","0,00","1,00","1,00","1,00","0,00","1,00"
VILLCA,"Franco Joaquín",rutyayala28@gmail.com,Finalizado,"15 de abril de 2026  16:12","15 de abril de 2026  16:18","5 minutos 46 segundos","9,00","1,00","1,00","1,00","1,00","1,00","0,00","1,00","1,00","1,00","1,00"
APURIL,"Germán Ezequiel",gerapuril@gmail.com,Finalizado,"15 de abril de 2026  16:13","15 de abril de 2026  16:19","5 minutos 39 segundos","3,00","0,00","0,00","1,00","0,00","1,00","0,00","0,00","0,00","0,00","1,00"
AYBAR,"Lautaro Francisco",aybarguillermo@gmail.com,Finalizado,"15 de abril de 2026  16:21","15 de abril de 2026  16:26","4 minutos 57 segundos","8,00","1,00","0,00","1,00","1,00","1,00","1,00","1,00","1,00","0,00","1,00"
"SANTIBAÑEZ RAMÍREZ","Araceli Rosario Abigail",habibiaraceli08@gmail.com,Finalizado,"15 de abril de 2026  16:23","15 de abril de 2026  16:38","15 minutos","0,00","0,00","0,00","0,00","0,00","0,00","0,00","0,00","0,00","0,00","0,00"
AYBAR,"Lautaro Francisco",aybarguillermo@gmail.com,Finalizado,"15 de abril de 2026  16:26","15 de abril de 2026  16:34","8 minutos 10 segundos","8,00","1,00","1,00","1,00","1,00","1,00","1,00","0,00","1,00","1,00","0,00"
AYBAR,"Lautaro Francisco",aybarguillermo@gmail.com,Finalizado,"15 de abril de 2026  17:40","15 de abril de 2026  17:47","7 minutos 31 segundos","10,00","1,00","1,00","1,00","1,00","1,00","1,00","1,00","1,00","1,00","1,00"
AYBAR,"Lautaro Francisco",aybarguillermo@gmail.com,Finalizado,"15 de abril de 2026  17:59","15 de abril de 2026  18:07","8 minutos 36 segundos","4,00","1,00","1,00","1,00","1,00","0,00","0,00","0,00","0,00","0,00","0,00"
AYBAR,"Lautaro Francisco",aybarguillermo@gmail.com,Finalizado,"15 de abril de 2026  18:08","15 de abril de 2026  18:14","6 minutos 2 segundos","5,00","0,00","0,00","1,00","1,00","1,00","0,00","0,00","1,00","0,00","1,00"
AYBAR,"Lautaro Francisco",aybarguillermo@gmail.com,Finalizado,"15 de abril de 2026  18:30","15 de abril de 2026  18:39","9 minutos 12 segundos","8,00","1,00","1,00","1,00","0,00","0,00","1,00","1,00","1,00","1,00","1,00"
AYBAR,"Lautaro Francisco",aybarguillermo@gmail.com,Finalizado,"15 de abril de 2026  18:40","15 de abril de 2026  18:46","5 minutos 36 segundos","9,00","1,00","1,00","1,00","1,00","1,00","1,00","1,00","1,00","1,00",-
"DI FEBO","Liam Yoel",liamdifebo15@gmail.com,Finalizado,"16 de abril de 2026  21:45","16 de abril de 2026  21:49","4 minutos 10 segundos","8,00","1,00","0,00","1,00","1,00","1,00","1,00","0,00","1,00","1,00","1,00"
"BIROCCO FRETES",Santiago,SANTIAGOBIROCCOFRETES@GMAIL.COM,Finalizado,"17 de abril de 2026  02:29","17 de abril de 2026  02:38","9 minutos 11 segundos","4,00","1,00","1,00","0,00","1,00","0,00","0,00","1,00","0,00","0,00","0,00"
"BIROCCO FRETES",Santiago,SANTIAGOBIROCCOFRETES@GMAIL.COM,Finalizado,"17 de abril de 2026  02:39","17 de abril de 2026  02:46","6 minutos 25 segundos","4,00","1,00","1,00","0,00","0,00","0,00","1,00","1,00","0,00","0,00","0,00"
"BIROCCO FRETES",Santiago,SANTIAGOBIROCCOFRETES@GMAIL.COM,Finalizado,"17 de abril de 2026  02:48","17 de abril de 2026  02:51","3 minutos 25 segundos","2,00",-,-,"1,00","1,00","0,00",-,-,-,-,-
"Promedio general",,,,,,,"5,57","0,57","0,54","0,59","0,57","0,57","0,54","0,57","0,57","0,51","0,54"
